plateBR/FXU-2723.jpg, 464, 1000, 136, 76, 1179, 543
plateBR/LQT-1364.jpg, 193, 365, 13, 9, 360, 153
plateBR/PDZ-0097 (3).jpg, 600, 800, 282, 377, 566, 467
plateBR/KVT-3969.jpg, 280, 713, 53, 20, 615, 244
plateBR/LRV-7627.jpg, 431, 1000, 51, 24, 874, 400
plateBR/LRS-5329.jpg, 512, 1000, 350, 379, 685, 550
plateBR/LMG-5172.jpg, 295, 738, 22, 17, 707, 269
plateBR/HGO-5284.jpg, 771, 955, 299, 224, 745, 445
plateBR/PFE-2851.jpg, 159, 315, 78, 51, 255, 118
plateBR/PKA-3601.jpg, 80, 232, 7, 4, 220, 66
plateBR/LAE-1017.jpg, 478, 1000, 310, 329, 689, 520
plateBR/LRV-9263.jpg, 302, 740, 13, 36, 687, 281
plateBR/MTT 7690.JPG, 311, 1000, 337, 68, 1011, 347
plateBR/KQF-2768.jpg, 336, 892, 105, 32, 751, 307
plateBR/KUF-2376.jpg, 240, 640, 73, 90, 364, 155
plateBR/FJY-9514 (6).jpg, 600, 800, 272, 261, 561, 392
plateBR/KRU-3764.jpg, 444, 865, 66, 67, 741, 397
plateBR/LOJ-3466 (3).jpg, 277, 751, 26, 11, 702, 242
plateBR/LBL-9606.jpg, 240, 640, 10, 75, 273, 151
plateBR/KYG-5317.JPG, 426, 865, 147, 36, 692, 368
plateBR/KYI-3366.jpg, 319, 1000, 230, 60, 960, 339
plateBR/BAG-7751 (3).jpg, 600, 800, 100, 286, 680, 480
plateBR/KQM-7164.jpg, 310, 875, 60, 16, 742, 280
plateBR/LLU-8502.JPG, 394, 1000, 201, 95, 736, 381
plateBR/LKX-9731.JPG, 409, 588, 48, 41, 546, 357
plateBR/PFU-6000 (3).jpg, 600, 800, 125, 332, 649, 504
plateBR/LSR-6429.jpg, 246, 645, 50, 20, 602, 226
plateBR/LSI-3196.jpg, 537, 1000, 344, 136, 725, 274
plateBR/LVD-4828.jpg, 500, 1000, 538, 276, 1098, 602
plateBR/LNE-5119.jpg, 451, 1000, 460, 398, 963, 589
plateBR/KON-1811.JPG, 406, 853, 159, 26, 718, 342
plateBR/PXJ-8271 (3).jpg, 600, 800, 267, 203, 517, 311
plateBR/KNO-0505.jpg, 211, 526, 48, 18, 478, 179
plateBR/KRB-8628.jpg, 463, 1000, 4, 92, 1149, 627
plateBR/LUP-3978.jpg, 309, 789, 16, 21, 726, 264
plateBR/KXL-1684.jpg, 356, 786, 97, 23, 660, 283
plateBR/LLH-5852.jpg, 406, 1000, 860, 270, 1805, 680
plateBR/KPN-8330.jpg, 523, 800, 34, 62, 737, 333
plateBR/PET-7005 (3).jpg, 154, 365, 29, 16, 358, 149
plateBR/LSH-2477.jpg, 514, 1000, 204, 84, 1013, 499
plateBR/KOW-8971.jpg, 422, 1000, 59, 63, 1102, 543
plateBR/DSQ-6618 (2).jpg, 600, 800, 241, 384, 649, 534
plateBR/LRQ-2031.jpg, 999, 643, 47, 902, 311, 1175
plateBR/KWK-7621.jpg, 532, 1000, 131, 41, 760, 447
plateBR/KXW-2351.jpg, 311, 1000, 63, 32, 801, 324
plateBR/LNF-4876.jpg, 440, 965, 375, 185, 615, 275
plateBR/LUW-1028.jpg, 383, 1000, 632, 48, 1260, 398
plateBR/KNS-5694.jpg, 238, 691, 18, 26, 646, 232
plateBR/KYR-8747.jpg, 328, 840, 146, 33, 689, 262
plateBR/KXJ-5996.jpg, 517, 863, 69, 115, 681, 419
plateBR/LNR-3839.jpg, 240, 640, 258, 45, 534, 102
plateBR/KYB-4463 (3).JPG, 699, 1000, 158, 142, 1122, 864
plateBR/PUV-5373 (3).jpg, 600, 800, 261, 226, 521, 361
plateBR/LRI-3927 (2).jpg, 460, 999, 76, 52, 808, 422
plateBR/LAY-2596.jpg, 240, 640, 272, 64, 542, 142
plateBR/KKG-4089.jpg, 130, 214, 26, 27, 184, 96
plateBR/KPH-6685.jpg, 493, 674, 97, 219, 548, 415
plateBR/LVD-1517.JPG, 494, 1000, 508, 365, 919, 525
plateBR/PJQ-0308.jpg, 80, 235, 3, 2, 232, 77
plateBR/LPB-2686.jpg, 463, 999, 554, 144, 1012, 354
plateBR/KNG-9141.jpg, 461, 1000, 303, 25, 872, 365
plateBR/LOJ-3466 (2).jpg, 256, 586, 87, 45, 510, 215
plateBR/LOY-9267.JPG, 392, 1000, 116, 47, 762, 345
plateBR/KFW-2444.jpg, 86, 200, 9, 12, 166, 71
plateBR/LCY-2476.jpg, 422, 912, 75, 70, 747, 350
plateBR/KVX-3104 (2).jpg, 319, 796, 272, 115, 537, 238
plateBR/KNY-8641.jpg, 430, 1000, 265, 79, 1016, 465
plateBR/KMX-4206.jpg, 345, 1000, 64, 13, 947, 389
plateBR/PXJ-8264.jpg, 600, 800, 276, 321, 517, 394
plateBR/PGR-8325.jpg, 600, 800, 228, 355, 548, 478
plateBR/KYL-9174.jpg, 351, 896, 10, 21, 751, 322
plateBR/PVA-8569.jpg, 600, 800, 287, 384, 724, 549
plateBR/LSA-4342.jpg, 444, 1000, 68, 57, 1131, 611
plateBR/OZG-6817.jpg, 80, 231, 4, 8, 226, 78
plateBR/KWV-8476.jpg, 717, 1000, 626, 383, 1231, 625
plateBR/LMB-6506.jpg, 586, 1000, 126, 560, 606, 755
plateBR/PEU-0991 (3).jpg, 600, 800, 248, 308, 630, 444
plateBR/KYG-5048.jpg, 302, 644, 24, 19, 613, 250
plateBR/LOJ-4414.jpg, 626, 1000, 501, 472, 953, 660
plateBR/LRU-6565.JPG, 418, 1000, 353, 165, 860, 387
plateBR/KZY-6364.jpg, 385, 977, 106, 77, 641, 320
plateBR/KWR-2317.jpg, 573, 1000, 249, 501, 1081, 802
plateBR/PUP-0325.jpg, 485, 1000, 1223, 577, 2209, 947
plateBR/LRX-5174.jpg, 454, 999, 176, 72, 1009, 472
plateBR/LNF-5873.jpg, 240, 640, 209, 76, 489, 133
plateBR/MOK-7045.jpg, 385, 412, 45, 135, 345, 251
plateBR/KFY-8162.jpg, 110, 253, 47, 22, 201, 79
plateBR/PGE-0141.jpg, 80, 245, 4, 6, 244, 76
plateBR/KRU-1800.jpg, 244, 495, 50, 83, 288, 178
plateBR/LSA-6273.JPG, 426, 482, 62, 9, 380, 345
plateBR/KWX-5236.jpg, 463, 999, 32, 77, 811, 469
plateBR/LNP-1417.jpg, 240, 640, 76, 66, 353, 155
plateBR/EDD-5690.jpg, 345, 848, 52, 26, 748, 296
plateBR/LSE-4008.jpg, 578, 1000, 755, 525, 1228, 714
plateBR/ALE-4378 (2).jpg, 454, 1000, 225, 184, 633, 368
plateBR/LUD-4896.jpg, 343, 1000, 179, 34, 1017, 402
plateBR/KKP-4570 (2).jpg, 150, 296, 71, 27, 263, 101
plateBR/OZU-7055.jpg, 80, 226, 10, 1, 222, 78
plateBR/LPU-7567 (2).jpg, 575, 1000, 585, 250, 1118, 509
plateBR/LSD-5228.jpg, 534, 1000, 884, 722, 1443, 999
plateBR/IAG-7547.jpg, 406, 1000, 91, 38, 988, 489
plateBR/PWX-5568.jpg, 343, 695, 171, 54, 660, 269
plateBR/LQL-9280.JPG, 337, 1000, 717, 220, 1191, 485
plateBR/APT-9616.JPG, 201, 427, 90, 14, 370, 170
plateBR/LPM-5438.jpg, 514, 1000, 480, 508, 945, 687
plateBR/LCQ-8763 (2).jpg, 289, 718, 72, 54, 584, 230
plateBR/OYT-2417.jpg, 80, 243, 4, 1, 237, 76
plateBR/LNR-0491.jpg, 240, 640, 120, 83, 383, 146
plateBR/PUV-5365.jpg, 600, 800, 248, 265, 590, 389
plateBR/KPG-7782.jpg, 561, 1000, 316, 627, 875, 822
plateBR/KYQ-2563.jpg, 511, 998, 461, 191, 751, 405
plateBR/PXK-0480 (7).jpg, 600, 800, 224, 213, 573, 327
plateBR/LLF-5083.jpg, 201, 425, 59, 39, 374, 161
plateBR/MSU-1701.jpg, 463, 999, 36, 51, 798, 412
plateBR/HSX-7938.jpg, 151, 588, 176, 54, 417, 135
plateBR/LQK-9502 (2).jpg, 726, 1000, 473, 374, 982, 669
plateBR/HFB-3357.jpg, 274, 651, 13, 21, 606, 263
plateBR/KVT-8161.jpg, 350, 1000, 500, 268, 937, 425
plateBR/KVY-8601.JPG, 383, 766, 122, 78, 565, 316
plateBR/JID-9361 (2).jpg, 155, 350, 28, 71, 170, 144
plateBR/LMD-8307.jpg, 456, 1000, 281, 192, 764, 423
plateBR/LLT-8634 (2).jpg, 490, 1000, 237, 310, 635, 518
plateBR/LNZ-1724.jpg, 240, 640, 262, 4, 490, 43
plateBR/PUV-5373 (5).jpg, 600, 800, 271, 313, 543, 437
plateBR/LBL-9709.jpg, 240, 640, 218, 83, 487, 159
plateBR/KPJ-8380.JPG, 447, 898, 172, 22, 750, 408
plateBR/PGB-6847.jpg, 211, 482, 128, 65, 350, 171
plateBR/AQW-5505.jpg, 206, 846, 276, 88, 567, 194
plateBR/LSX-4333.jpg, 401, 891, 35, 48, 741, 354
plateBR/PDZ-0097.jpg, 600, 800, 124, 310, 572, 457
plateBR/LMJ-1887.JPG, 384, 551, 87, 80, 475, 316
plateBR/KWT-4546 (2).jpg, 182, 1000, 748, 142, 1481, 368
plateBR/KZV-9198.JPG, 565, 999, 419, 326, 811, 499
plateBR/PGN-7853.jpg, 196, 384, 68, 54, 344, 156
plateBR/KOO-4184.jpg, 401, 999, 71, 63, 819, 398
plateBR/LUX-2004.jpg, 400, 1000, 80, 73, 1323, 637
plateBR/KHF-5821.jpg, 600, 800, 157, 297, 510, 482
plateBR/KQY-2687 (2).jpg, 389, 999, 123, 59, 912, 410
plateBR/AZJ-4246.jpg, 372, 944, 119, 58, 748, 324
plateBR/PXJ-8264 (4).jpg, 600, 800, 351, 323, 576, 461
plateBR/KOW-7001.jpg, 355, 1000, 147, 66, 1438, 595
plateBR/KQO-5483.jpg, 261, 764, 22, 11, 746, 251
plateBR/MSN-6626.jpg, 328, 858, 37, 17, 749, 301
plateBR/KOP-4509.jpg, 397, 858, 100, 42, 678, 309
plateBR/EAI-6852.jpg, 360, 1000, 87, 11, 1480, 666
plateBR/PXK-0480 (2).jpg, 600, 800, 312, 303, 534, 406
plateBR/KNI-0508.jpg, 240, 640, 231, 63, 504, 131
plateBR/KWN-3100.JPG, 338, 1000, 283, 59, 1008, 414
plateBR/PDW-3116 (2).jpg, 141, 233, 19, 42, 193, 100
plateBR/LSV-0458 (2).jpg, 366, 784, 69, 21, 745, 313
plateBR/KQK-1620.jpg, 494, 984, 307, 361, 628, 478
plateBR/LNE-4542.JPG, 488, 1000, 400, 127, 1463, 698
plateBR/PCG-2470.jpg, 129, 245, 50, 34, 212, 82
plateBR/PDN-5443.jpg, 211, 421, 64, 52, 317, 169
plateBR/JVN-7287.jpg, 302, 266, 16, 173, 239, 279
plateBR/NTK-7148.jpg, 79, 250, 8, 2, 247, 76
plateBR/KYN-6985.jpg, 591, 1000, 859, 633, 1669, 1191
plateBR/NLU-9327 (2).JPG, 297, 999, 309, 30, 1205, 414
plateBR/FQZ-8438 (2).jpg, 101, 344, 119, 34, 238, 77
plateBR/LNG-1566.jpg, 493, 1000, 178, 200, 607, 436
plateBR/OXI-8882 (2).jpg, 600, 800, 294, 278, 584, 388
plateBR/LNJ-3013.jpg, 398, 750, 58, 20, 688, 349
plateBR/KVD-5275.jpg, 519, 868, 74, 70, 750, 473
plateBR/FGH-2302.jpg, 119, 409, 152, 52, 292, 111
plateBR/LNJ-8753.jpg, 240, 640, 121, 67, 392, 152
plateBR/PDF-3945.jpg, 600, 800, 282, 359, 591, 471
plateBR/KWP-8195.jpg, 428, 1000, 83, 56, 824, 423
plateBR/OIP-4357 (2).jpg, 600, 800, 103, 336, 720, 542
plateBR/LOD-3128.jpg, 333, 938, 66, 49, 751, 292
plateBR/KWQ-5088.jpg, 237, 619, 138, 89, 345, 216
plateBR/CVL-4610.jpg, 570, 999, 835, 652, 1284, 924
plateBR/LLW-5445.jpg, 509, 1000, 427, 450, 903, 614
plateBR/DUR-7778.jpg, 240, 640, 255, 83, 489, 140
plateBR/LLI-1077.jpg, 234, 603, 55, 13, 538, 192
plateBR/PXY-0360.jpg, 600, 800, 288, 300, 525, 400
plateBR/LOE-0836.jpg, 240, 640, 118, 52, 387, 117
plateBR/KWZ-9336.jpg, 521, 1000, 335, 489, 1085, 853
plateBR/KVG-6295.JPG, 482, 1000, 169, 110, 861, 386
plateBR/KWY-7812.jpg, 251, 557, 25, 12, 515, 213
plateBR/HGP-8212.jpg, 463, 1000, 341, 97, 1501, 802
plateBR/LBB-9748.JPG, 433, 590, 122, 24, 545, 337
plateBR/OHF-5245 (2).jpg, 203, 474, 114, 49, 362, 156
plateBR/PJV-2698.jpg, 124, 404, 155, 62, 291, 110
plateBR/HNB-9657.jpg, 405, 1000, 17, 50, 989, 496
plateBR/OUY-9379.jpg, 80, 224, 6, 7, 221, 75
plateBR/KZD-8892.JPG, 215, 963, 333, 17, 665, 161
plateBR/ABY-9198.jpg, 240, 640, 177, 62, 417, 115
plateBR/KPS-4844.jpg, 400, 1000, 12, 35, 866, 433
plateBR/KKP-4570.jpg, 107, 242, 48, 13, 184, 78
plateBR/LMD-5540.jpg, 375, 1000, 37, 16, 787, 335
plateBR/KMT-7578.JPG, 350, 746, 109, 17, 624, 320
plateBR/LRM-6867.jpg, 472, 1000, 375, 444, 741, 590
plateBR/KZB-2585.jpg, 367, 1000, 146, 60, 954, 418
plateBR/BAG-7751 (4).jpg, 207, 437, 56, 37, 364, 170
plateBR/KQB-7068.jpg, 419, 955, 54, 35, 746, 363
plateBR/OYS-1645 (3).jpg, 600, 800, 188, 342, 599, 495
plateBR/KPU-3951.jpg, 425, 955, 29, 59, 740, 371
plateBR/KXK-5970.jpg, 469, 1000, 421, 434, 1099, 734
plateBR/KYK-8608.jpg, 388, 1000, 67, 38, 1031, 504
plateBR/OYO-6894 (2).jpg, 600, 800, 316, 316, 572, 398
plateBR/OLT-5168.JPG, 314, 680, 151, 49, 544, 260
plateBR/KYA-3347 (3).JPG, 424, 800, 118, 72, 731, 339
plateBR/PGB-1924.jpg, 600, 800, 421, 285, 672, 474
plateBR/PUV-5365 (2).jpg, 600, 800, 298, 261, 526, 355
plateBR/PXK-0457 (3).jpg, 600, 800, 227, 246, 546, 380
plateBR/KRY-2202 (2).jpg, 680, 999, 254, 549, 936, 709
plateBR/LNM-0916.jpg, 240, 640, 216, 9, 490, 84
plateBR/LID-5816.jpg, 240, 640, 204, 111, 464, 184
plateBR/LQG-9117.jpg, 322, 744, 123, 14, 700, 307
plateBR/KXD-4645.jpg, 616, 1000, 448, 653, 988, 878
plateBR/KRO-5833.JPG, 359, 1000, 533, 95, 1792, 760
plateBR/KXN-2719.jpg, 482, 1000, 83, 45, 784, 448
plateBR/LQU-3584.JPG, 342, 1000, 235, 58, 1129, 438
plateBR/PCP-6336.jpg, 600, 800, 113, 344, 605, 523
plateBR/AZI-2788.jpg, 191, 880, 321, 13, 557, 95
plateBR/PDR-5612.jpg, 80, 219, 7, 4, 213, 73
plateBR/PAH-6064.jpg, 143, 378, 140, 65, 271, 113
plateBR/LAR-7207.jpg, 240, 640, 265, 66, 555, 132
plateBR/OYV-6433 (3).jpg, 600, 800, 270, 351, 541, 441
plateBR/BAG-7751.jpg, 600, 800, 342, 406, 642, 522
plateBR/JRX-8167.jpg, 71, 250, 6, 0, 245, 64
plateBR/LTG-0849.JPG, 534, 862, 161, 71, 750, 462
plateBR/KQA-2881.jpg, 239, 344, 88, 56, 298, 202
plateBR/ODO-2914.JPG, 355, 1000, 370, 155, 1454, 612
plateBR/KXO-7658.jpg, 396, 1000, 626, 229, 1108, 496
plateBR/AWF-1835.jpg, 64, 212, 73, 26, 135, 52
plateBR/KVT-4097.JPG, 274, 999, 426, 35, 1116, 389
plateBR/EIQ-9496.jpg, 75, 293, 102, 35, 205, 74
plateBR/LNG-6631.jpg, 240, 640, 205, 75, 507, 149
plateBR/FMI-1303.jpg, 411, 480, 77, 142, 359, 270
plateBR/NZN-4742.jpg, 80, 225, 5, 5, 225, 77
plateBR/GOL-0197.jpg, 240, 640, 96, 88, 354, 173
plateBR/LSI-1550.JPG, 362, 999, 354, 137, 880, 359
plateBR/KVT-6195.jpg, 388, 1000, 340, 333, 1393, 759
plateBR/DET-0157.jpg, 71, 188, 61, 17, 133, 56
plateBR/LTT-5143.jpg, 481, 1000, 541, 730, 1552, 1122
plateBR/LRN-4497.jpg, 545, 1000, 471, 506, 1488, 917
plateBR/LPU-4384.jpg, 518, 1000, 659, 519, 1090, 742
plateBR/OYP-1428.jpg, 82, 274, 95, 26, 166, 67
plateBR/OZH-7886.jpg, 80, 241, 8, 3, 237, 75
plateBR/LRL-9509.jpg, 472, 1000, 49, 86, 837, 461
plateBR/PVK-3268 (2).jpg, 600, 800, 297, 341, 557, 496
plateBR/LSZ-4542.jpg, 446, 1000, 196, 100, 821, 358
plateBR/KRN-9100.jpg, 435, 914, 12, 42, 750, 349
plateBR/KRQ-6965 (2).jpg, 516, 879, 122, 83, 737, 416
plateBR/LJA-1093.JPG, 412, 999, 1145, 269, 1714, 568
plateBR/KWM-5980.jpg, 306, 1000, 51, 24, 812, 305
plateBR/LRE-7752.jpg, 372, 1000, 95, 37, 1331, 583
plateBR/OWN-2249 (2).jpg, 600, 800, 41, 224, 733, 492
plateBR/KHP-3734.jpg, 600, 800, 219, 263, 538, 382
plateBR/KXX-0287.jpg, 421, 1000, 962, 259, 1324, 558
plateBR/PDK-9448.jpg, 600, 800, 234, 423, 571, 544
plateBR/OWN-2249.jpg, 600, 800, 312, 464, 647, 573
plateBR/PJS-1156.jpg, 80, 225, 3, 4, 223, 74
plateBR/OYV-6433.jpg, 600, 800, 284, 448, 622, 576
plateBR/LRV-7627 (2).jpg, 313, 517, 50, 44, 477, 239
plateBR/FMT-6358.jpg, 361, 511, 19, 27, 497, 280
plateBR/LSA-6415.jpg, 514, 1000, 811, 523, 1184, 720
plateBR/LLU-5203.jpg, 320, 770, 99, 18, 601, 283
plateBR/PGN-3856.jpg, 80, 291, 95, 37, 201, 70
plateBR/LNO-3968.jpg, 240, 640, 254, 80, 523, 137
plateBR/LOO-9273.JPG, 285, 842, 179, 25, 679, 240
plateBR/MTT-4968.jpg, 406, 1000, 174, 220, 509, 346
plateBR/EUL-0433.jpg, 176, 458, 133, 56, 334, 122
plateBR/LQC-4608.jpg, 247, 293, 12, 100, 266, 230
plateBR/KWK-6963.JPG, 395, 719, 92, 47, 628, 326
plateBR/KJD-0885.jpg, 600, 800, 237, 334, 602, 457
plateBR/PXK-0457.jpg, 600, 800, 296, 186, 552, 265
plateBR/KRH-8984.jpg, 401, 1000, 118, 56, 1212, 553
plateBR/KVI-4009.jpg, 482, 1000, 231, 467, 784, 676
plateBR/KYI-2677.jpg, 419, 1000, 506, 149, 970, 368
plateBR/KXE-7636.jpg, 315, 922, 48, 11, 745, 295
plateBR/KUD-3778.JPG, 239, 1000, 274, 16, 1050, 314
plateBR/JNX-5788.jpg, 80, 234, 0, 4, 228, 76
plateBR/PDX-7324.jpg, 115, 315, 67, 8, 259, 86
plateBR/KPT-1907.jpg, 648, 1000, 868, 276, 1358, 542
plateBR/OYO-1256 (4).jpg, 253, 468, 57, 59, 362, 192
plateBR/KXT-7983.jpg, 372, 1000, 74, 62, 979, 453
plateBR/PCX-4797.jpg, 150, 418, 37, 13, 341, 125
plateBR/LQG-3110.jpg, 478, 671, 107, 201, 572, 394
plateBR/LUF-4444.jpg, 405, 1000, 338, 401, 825, 583
plateBR/OXZ-9360.jpg, 76, 169, 22, 12, 146, 69
plateBR/KHP-3734 (2).jpg, 600, 800, 172, 196, 674, 396
plateBR/LQI-0614.jpg, 425, 1000, 507, 320, 1147, 600
plateBR/KRI-5341.JPG, 262, 705, 115, 3, 634, 248
plateBR/PXJ-8256 (2).jpg, 600, 800, 337, 336, 555, 457
plateBR/KPR-8059.jpg, 627, 1000, 134, 28, 811, 473
plateBR/PCG-2470 (2).jpg, 85, 235, 11, 4, 202, 68
plateBR/KRD-7366.jpg, 240, 640, 194, 62, 467, 135
plateBR/LBU-5699.jpg, 240, 640, 148, 80, 414, 136
plateBR/KWW-1038.jpg, 525, 1000, 756, 293, 1359, 621
plateBR/KPH-2487.jpg, 318, 816, 10, 18, 748, 301
plateBR/KYM-2087.jpg, 458, 714, 35, 111, 669, 353
plateBR/LTT-1513.JPG, 146, 209, 31, 20, 178, 122
plateBR/LQQ-1171.jpg, 442, 779, 290, 322, 509, 412
plateBR/KQY-2687.jpg, 595, 999, 1254, 390, 1660, 763
plateBR/LSX-4812.jpg, 464, 1000, 382, 440, 904, 654
plateBR/LSJ-4965.jpg, 463, 999, 469, 166, 1028, 393
plateBR/LPO-1876.jpg, 573, 1000, 432, 761, 1082, 1005
plateBR/OYO-1256 (3).jpg, 200, 636, 129, 38, 423, 178
plateBR/KWG-1850.jpg, 322, 922, 119, 27, 752, 300
plateBR/LRI-3927.jpg, 388, 803, 17, 31, 746, 345
plateBR/LTZ-5482.jpg, 437, 1000, 76, 49, 1249, 622
plateBR/LLY-9556.jpg, 296, 823, 92, 25, 694, 270
plateBR/ALE-8602.jpg, 608, 999, 222, 585, 676, 861
plateBR/KQF-6400.jpg, 647, 1000, 998, 332, 1453, 689
plateBR/NKC-6590.jpg, 136, 368, 97, 18, 232, 79
plateBR/KWM-2995.jpg, 400, 1000, 216, 64, 985, 374
plateBR/NNY-3327.jpg, 600, 800, 319, 274, 609, 403
plateBR/PFB-4069.jpg, 154, 263, 50, 33, 206, 103
plateBR/LOU-3279 (2).jpg, 567, 1000, 1048, 141, 1470, 502
plateBR/KXS-5624.jpg, 459, 1000, 42, 44, 838, 478
plateBR/PXY-0360 (2).jpg, 600, 800, 283, 267, 494, 345
plateBR/LSN-2916.jpg, 406, 1000, 525, 246, 1042, 451
plateBR/EWR-8708.jpg, 317, 1000, 134, 6, 775, 294
plateBR/LMD-7961.jpg, 260, 546, 23, 24, 535, 224
plateBR/LMI-6709.jpg, 277, 695, 66, 33, 609, 248
plateBR/KRF-6757.jpg, 419, 1000, 170, 369, 837, 709
plateBR/PGB-1924 (2).jpg, 600, 800, 188, 312, 586, 461
plateBR/PVK-3268 (5).jpg, 600, 800, 277, 236, 545, 334
plateBR/LSP-3422.jpg, 418, 353, 3, 99, 337, 273
plateBR/HGO-8556.jpg, 504, 1000, 177, 114, 1071, 571
plateBR/KHU-8544.jpg, 600, 800, 390, 337, 672, 509
plateBR/LQY-5719.jpg, 292, 687, 23, 23, 671, 276
plateBR/PXK-0480 (6).jpg, 600, 800, 273, 328, 619, 467
plateBR/MUX-8284.jpg, 77, 277, 86, 24, 184, 70
plateBR/HOD-6224.jpg, 461, 977, 35, 37, 750, 359
plateBR/LNZ-8811.jpg, 290, 323, 5, 150, 314, 273
plateBR/KNZ-8587.jpg, 602, 999, 156, 448, 546, 621
plateBR/GOW-9124.JPG, 365, 1000, 239, 33, 1571, 712
plateBR/HEB-2036.jpg, 339, 1000, 335, 163, 730, 307
plateBR/PGU-2200.jpg, 360, 1000, 132, 10, 758, 286
plateBR/KMO-7265.jpg, 240, 640, 304, 24, 547, 91
plateBR/KWQ-6739.JPG, 454, 854, 150, 96, 718, 381
plateBR/KRM-4795.jpg, 184, 349, 45, 41, 296, 143
plateBR/LOJ-3466.JPG, 316, 1000, 640, 88, 1692, 676
plateBR/KWM-5915.jpg, 331, 1000, 25, 29, 949, 376
plateBR/LSG-7882.jpg, 492, 1000, 231, 168, 811, 377
plateBR/AQU-6945.jpg, 387, 1000, 97, 12, 1175, 576
plateBR/KMG-0982.jpg, 240, 640, 223, 39, 488, 117
plateBR/PXJ-8251.jpg, 600, 800, 279, 231, 545, 378
plateBR/LVC-6251.jpg, 442, 872, 26, 54, 728, 357
plateBR/NZM-3100.jpg, 143, 652, 196, 25, 410, 91
plateBR/PXT-2944.jpg, 397, 911, 100, 37, 733, 319
plateBR/KRJ-1821.jpg, 338, 819, 51, 36, 607, 252
plateBR/NJB-1732.jpg, 80, 384, 118, 14, 261, 68
plateBR/LRY-9944.jpg, 293, 547, 29, 33, 474, 209
plateBR/LQM-5190.jpg, 339, 701, 35, 53, 571, 265
plateBR/PFU-9422 (2).jpg, 108, 382, 114, 38, 245, 83
plateBR/DRF-9665.jpg, 296, 823, 109, 32, 689, 276
plateBR/LAU-2234.jpg, 391, 999, 898, 136, 1730, 555
plateBR/HHF-6213.jpg, 80, 237, 2, 2, 226, 73
plateBR/PFU-6000.jpg, 600, 800, 289, 368, 557, 462
plateBR/KND-8865.jpg, 240, 640, 245, 67, 553, 142
plateBR/PXY-0360 (3).jpg, 600, 800, 244, 276, 488, 380
plateBR/OZV-3696.jpg, 77, 250, 10, 7, 249, 73
plateBR/LRN-0207 (3).jpg, 542, 911, 384, 385, 738, 531
plateBR/LPL-7589.jpg, 496, 1000, 286, 180, 732, 367
plateBR/PXJ-8256.jpg, 600, 800, 241, 387, 587, 518
plateBR/PXJ-8526.jpg, 600, 800, 237, 337, 519, 427
plateBR/OYP-4741.jpg, 97, 176, 26, 30, 153, 82
plateBR/LWA-9193.jpg, 113, 388, 96, 19, 259, 96
plateBR/FRD-0583.jpg, 241, 621, 136, 76, 468, 164
plateBR/PUJ-8290.JPG, 451, 1000, 682, 454, 1368, 713
plateBR/JLW-9464.jpg, 240, 640, 121, 85, 393, 177
plateBR/LCL-7999.jpg, 443, 1000, 335, 266, 749, 432
plateBR/PGV-5917.jpg, 139, 357, 26, 28, 290, 122
plateBR/KOR-9948.jpg, 302, 999, 241, 22, 991, 327
plateBR/PGB-1322 (3).jpg, 600, 800, 209, 255, 617, 405
plateBR/LRF-0477.JPG, 247, 571, 84, 25, 474, 211
plateBR/LOL-5386.jpg, 382, 1000, 413, 377, 1046, 636
plateBR/LSX-7131.jpg, 453, 1000, 195, 166, 1221, 688
plateBR/HJB-0822.jpg, 356, 1000, 128, 10, 860, 338
plateBR/LPU-7567.jpg, 491, 1000, 189, 381, 724, 654
plateBR/HEW-5283.jpg, 330, 678, 91, 5, 647, 321
plateBR/PFG-7997.jpg, 600, 800, 278, 283, 599, 394
plateBR/LRB-9642.jpg, 394, 1000, 85, 52, 779, 361
plateBR/KMG-8901.JPG, 399, 946, 206, 26, 741, 332
plateBR/OKB-9125 (2).jpg, 199, 327, 69, 24, 221, 96
plateBR/KMG-6921.jpg, 240, 640, 79, 62, 331, 121
plateBR/LKM-7019.JPG, 238, 656, 140, 67, 510, 195
plateBR/FJY-9514 (3).jpg, 600, 800, 297, 340, 558, 439
plateBR/LLD-2137.jpg, 448, 999, 247, 434, 692, 603
plateBR/ALE-4378.JPG, 483, 1000, 104, 60, 762, 382
plateBR/KXX-5506.jpg, 336, 539, 84, 119, 461, 286
plateBR/CLJ-7888.JPG, 490, 1000, 343, 199, 826, 466
plateBR/ITZ-1660.JPG, 511, 1000, 191, 131, 942, 587
plateBR/LQO-8178.JPG, 750, 1000, 1037, 838, 2441, 1876
plateBR/JSF-1084.jpg, 201, 350, 17, 56, 318, 168
plateBR/KZK-5017.jpg, 279, 792, 76, 13, 631, 256
plateBR/KQV-4024.JPG, 220, 614, 161, 28, 555, 207
plateBR/KRH-9032.jpg, 455, 1000, 311, 230, 814, 450
plateBR/KQW-9564.jpg, 253, 553, 57, 33, 536, 243
plateBR/LKW-1906.JPG, 125, 404, 72, 21, 351, 114
plateBR/LOE-5929.jpg, 505, 1000, 553, 432, 950, 589
plateBR/PFF-7622 (3).jpg, 600, 800, 257, 366, 599, 498
plateBR/KXM-0416.jpg, 596, 662, 180, 395, 471, 543
plateBR/KXW-6425.jpg, 467, 1000, 18, 90, 855, 504
plateBR/KQQ-7332.jpg, 520, 1000, 824, 419, 1672, 828
plateBR/PVA-8569 (2).jpg, 600, 800, 393, 286, 567, 396
plateBR/KGD-3592.jpg, 80, 240, 3, 7, 234, 74
plateBR/PFE-2581.jpg, 224, 429, 45, 28, 342, 145
plateBR/KXD-1174 (2).jpg, 559, 999, 331, 489, 692, 633
plateBR/KRW-2456.jpg, 537, 1000, 55, 65, 886, 583
plateBR/LSM-9443.jpg, 671, 1000, 430, 923, 1500, 1288
plateBR/KQY-9486.jpg, 365, 1000, 54, 43, 1019, 428
plateBR/LNI-2993.jpg, 240, 640, 192, 100, 463, 159
plateBR/KVX-4736.jpg, 307, 1000, 71, 10, 753, 302
plateBR/HSY-3077.jpg, 143, 503, 158, 79, 323, 140
plateBR/KRN-3076.jpg, 187, 514, 17, 18, 475, 182
plateBR/LOZ-8803.jpg, 389, 812, 1, 36, 751, 339
plateBR/KGF-9075 (2).jpg, 129, 373, 66, 34, 304, 117
plateBR/JNQ-1499.jpg, 75, 250, 4, 3, 247, 69
plateBR/KVT-4240.jpg, 479, 1000, 153, 503, 752, 794
plateBR/AHH-0999.jpg, 77, 195, 59, 44, 134, 60
plateBR/KZD-5187.jpg, 523, 757, 199, 162, 444, 297
plateBR/LQG-2266.jpg, 428, 1000, 222, 238, 642, 460
plateBR/KUL-5022.jpg, 551, 1000, 708, 619, 1260, 885
plateBR/KNT-6338.jpg, 605, 1000, 472, 540, 999, 771
plateBR/FLX-1988.jpg, 175, 480, 164, 46, 311, 109
plateBR/OGQ-5894.jpg, 157, 574, 113, 66, 301, 151
plateBR/KWQ-5088 (2).jpg, 429, 429, 50, 245, 379, 421
plateBR/LUY-2849.jpg, 346, 855, 3, 15, 747, 302
plateBR/PVK-3268 (4).jpg, 600, 800, 253, 310, 503, 415
plateBR/NIL-5737.jpg, 121, 348, 66, 20, 260, 93
plateBR/LRK-4448.jpg, 505, 1000, 686, 514, 1148, 706
plateBR/PUV-5373 (4).jpg, 600, 800, 277, 261, 530, 362
plateBR/KRO-6453.jpg, 477, 1000, 223, 215, 748, 449
plateBR/FAH-3548.jpg, 385, 1000, 72, 35, 1056, 472
plateBR/FMW-3777.jpg, 150, 494, 177, 11, 344, 80
plateBR/OHF-5245 (4).jpg, 227, 535, 84, 64, 411, 178
plateBR/LRK-5861.jpg, 371, 661, 92, 69, 620, 260
plateBR/PXJ-8256 (3).jpg, 600, 800, 252, 338, 504, 446
plateBR/PWP-0678.jpg, 329, 776, 9, 17, 733, 303
plateBR/LOE-5929 (3).jpg, 332, 796, 61, 24, 691, 296
plateBR/PEL-0140.jpg, 368, 372, 132, 139, 286, 197
plateBR/LSK-4417.jpg, 346, 786, 110, 36, 672, 244
plateBR/DSS-5210.jpg, 317, 715, 41, 39, 665, 291
plateBR/KHU-8544 (3).jpg, 600, 800, 134, 311, 742, 527
plateBR/KXX-7967.jpg, 356, 753, 174, 88, 704, 291
plateBR/LCA-7450.jpg, 240, 640, 199, 81, 437, 133
plateBR/KWR-6572.jpg, 463, 999, 42, 44, 1002, 511
plateBR/OWO-7837 (3).jpg, 600, 800, 294, 304, 612, 420
plateBR/KVF-3473.jpg, 507, 766, 23, 109, 722, 364
plateBR/KUR-9132.jpg, 352, 1000, 436, 161, 969, 399
plateBR/KPQ-4707.jpg, 392, 940, 112, 27, 748, 293
plateBR/LPZ-8210.jpg, 574, 1000, 338, 375, 761, 557
plateBR/KPH-8999.jpg, 210, 465, 19, 54, 406, 194
plateBR/PXY-9728.jpg, 366, 751, 33, 41, 713, 301
plateBR/LQY-5719 (2).jpg, 675, 1000, 231, 548, 1153, 892
plateBR/LMJ-5341.jpg, 321, 481, 12, 15, 458, 233
plateBR/LUX-0976.jpg, 296, 1000, 169, 18, 936, 337
plateBR/OUV-7350.jpg, 102, 349, 140, 35, 243, 74
plateBR/LQY-3816.jpg, 427, 1000, 758, 442, 1477, 768
plateBR/FRI-7200.jpg, 58, 196, 64, 18, 145, 49
plateBR/LQG-4815.jpg, 503, 1000, 445, 498, 859, 709
plateBR/PVZ-5826 (3).jpg, 600, 800, 300, 294, 593, 419
plateBR/NKT-6325.jpg, 237, 476, 19, 19, 470, 202
plateBR/KOE-5451 (2).jpg, 300, 710, 7, 6, 664, 252
plateBR/KRR-6308.jpg, 431, 924, 42, 36, 753, 378
plateBR/LPN-6680.jpg, 447, 1000, 111, 185, 961, 492
plateBR/LQI-8020.jpg, 170, 408, 10, 10, 355, 156
plateBR/LTP-3486.jpg, 732, 1000, 295, 640, 1185, 1013
plateBR/LDL-5386.jpg, 382, 1000, 435, 359, 1079, 630
plateBR/FJY-9514.jpg, 600, 800, 263, 345, 572, 452
plateBR/KQK-3070 (2).jpg, 432, 909, 24, 54, 749, 348
plateBR/OQK-5526.jpg, 600, 800, 233, 261, 646, 415
plateBR/KYN-8078.jpg, 395, 1000, 98, 37, 751, 345
plateBR/PGA-9576.jpg, 104, 217, 52, 27, 164, 85
plateBR/LUD-1362.JPG, 462, 999, 289, 119, 808, 347
plateBR/LAH-5159.JPG, 368, 999, 324, 30, 922, 424
plateBR/LLX-5122 (2).jpg, 423, 1000, 538, 233, 1461, 665
plateBR/LQG-1985.jpg, 312, 684, 283, 163, 547, 264
plateBR/HKW-8283.jpg, 213, 450, 55, 110, 337, 211
plateBR/LQA-5250.jpg, 819, 1000, 269, 470, 757, 596
plateBR/KQR-1870.jpg, 312, 830, 59, 57, 751, 286
plateBR/ETO-4759.jpg, 119, 449, 157, 16, 291, 82
plateBR/PXJ-8271 (5).jpg, 600, 800, 270, 344, 564, 504
plateBR/LQU-8304.JPG, 173, 409, 66, 41, 343, 148
plateBR/KHF-5821 (2).jpg, 600, 800, 135, 349, 678, 542
plateBR/OZD-7484.jpg, 80, 241, 4, 4, 239, 78
plateBR/KYA-0519.jpg, 585, 1000, 267, 206, 619, 389
plateBR/LMB-3077.jpg, 313, 767, 121, 55, 680, 281
plateBR/KRE-8652.jpg, 381, 1000, 843, 501, 1656, 794
plateBR/KUN-7711.jpg, 507, 1000, 447, 491, 1010, 728
plateBR/KWJ-8884.jpg, 380, 1000, 28, 45, 783, 375
plateBR/MTT-7690 (2).JPG, 361, 1000, 435, 127, 1290, 530
plateBR/KYE-3211.jpg, 257, 609, 67, 30, 565, 215
plateBR/KPW-2088.jpg, 290, 632, 12, 19, 550, 259
plateBR/OWD-7588.jpg, 100, 378, 78, 22, 251, 81
plateBR/KYS-6374.JPG, 332, 853, 178, 39, 754, 286
plateBR/KRF-8133.jpg, 632, 1000, 180, 213, 651, 427
plateBR/LOU-3279.JPG, 374, 903, 205, 12, 725, 332
plateBR/KQJ-9769.jpg, 519, 1000, 819, 643, 1391, 879
plateBR/PFP-6882.jpg, 92, 321, 48, 8, 206, 72
plateBR/PDZ-0097 (2).jpg, 600, 800, 196, 345, 566, 482
plateBR/OQP-3687.jpg, 309, 806, 2, 15, 752, 280
plateBR/PGR-2563 (2).jpg, 139, 339, 42, 42, 257, 106
plateBR/KJT-2231 (2).jpg, 600, 800, 238, 322, 701, 505
plateBR/KOW-4785.jpg, 372, 547, 40, 84, 502, 303
plateBR/LPL-0300.jpg, 332, 761, 28, 58, 701, 309
plateBR/PGR-2563.jpg, 100, 233, 36, 22, 186, 77
plateBR/AXX-1773 (2).jpg, 355, 767, 19, 23, 739, 323
plateBR/LQC-6618.jpg, 198, 473, 26, 28, 403, 167
plateBR/NOV-7295.jpg, 52, 205, 53, 22, 128, 47
plateBR/LCD-7645.jpg, 240, 640, 117, 70, 385, 147
plateBR/KUN-7711 (2).jpg, 511, 1000, 964, 714, 1526, 960
plateBR/KNW-9504.jpg, 273, 684, 78, 50, 598, 237
plateBR/KWG-1850 (2).jpg, 322, 922, 105, 23, 751, 282
plateBR/PJU-8959.jpg, 80, 250, 2, 6, 246, 73
plateBR/LPA-1686.jpg, 307, 1000, 488, 183, 1106, 446
plateBR/NLU-9327.JPG, 344, 1000, 351, 50, 1128, 429
plateBR/KPQ-4093.jpg, 921, 987, 190, 281, 737, 546
plateBR/PFF-7622.jpg, 600, 800, 185, 350, 607, 505
plateBR/KOD-7347.jpg, 240, 640, 172, 42, 443, 110
plateBR/KXD-7801.jpg, 208, 488, 21, 22, 477, 197
plateBR/PUV-5373.jpg, 600, 800, 294, 342, 518, 427
plateBR/DSQ-6618 (3).jpg, 600, 800, 413, 391, 717, 546
plateBR/KXS-5158 (2).JPG, 426, 801, 205, 10, 691, 414
plateBR/LUU-3531.jpg, 441, 1000, 667, 490, 1168, 681
plateBR/OYS-2195.jpg, 129, 299, 69, 16, 251, 94
plateBR/KQT-3660.jpg, 328, 830, 19, 9, 711, 273
plateBR/LPM-8355.jpg, 474, 1000, 117, 55, 761, 366
plateBR/LRL-8931.jpg, 383, 1000, 23, 31, 977, 420
plateBR/KRG-3442.JPG, 632, 1000, 1792, 476, 2360, 915
plateBR/PFG-7997 (3).jpg, 600, 800, 167, 187, 691, 335
plateBR/PVA-8569 (3).jpg, 600, 800, 317, 268, 588, 406
plateBR/KYX-6917.JPG, 364, 901, 168, 56, 753, 290
plateBR/LNZ-2380.JPG, 375, 751, 104, 9, 628, 336
plateBR/FJY-9514 (4).jpg, 600, 800, 314, 289, 540, 421
plateBR/LCT-7532.JPG, 239, 999, 524, 82, 1060, 278
plateBR/KQR-7056.jpg, 418, 1000, 268, 217, 641, 434
plateBR/AQU-6945 (2).jpg, 394, 1000, 93, 24, 753, 352
plateBR/PXK-0457 (2).jpg, 600, 800, 271, 185, 521, 342
plateBR/KYA-3347 (2).JPG, 451, 862, 85, 35, 747, 403
plateBR/KQG-5455.jpg, 513, 624, 199, 138, 570, 339
plateBR/LLA-4612 (2).JPG, 384, 999, 1055, 193, 1653, 564
plateBR/KJT-2231.jpg, 600, 800, 403, 305, 661, 439
plateBR/KWH-6390.jpg, 374, 1000, 304, 110, 878, 333
plateBR/KXX-5084.JPG, 267, 562, 50, 5, 476, 248
plateBR/FLU-1772.jpg, 420, 999, 668, 313, 1864, 1058
plateBR/KZF-2386.jpg, 642, 999, 551, 241, 925, 537
plateBR/LRR-3743.jpg, 419, 1000, 183, 68, 854, 405
plateBR/LQW-5919 (2).jpg, 374, 1000, 700, 449, 1500, 751
plateBR/LPL-7565.JPG, 344, 1000, 477, 80, 1722, 612
plateBR/PUV-5373 (2).jpg, 600, 800, 265, 209, 568, 347
plateBR/KQK-3070.jpg, 372, 1000, 626, 328, 1146, 551
plateBR/LLU-7243.jpg, 414, 1000, 539, 138, 1133, 389
plateBR/KPS-5179.jpg, 466, 999, 208, 141, 1098, 593
plateBR/PGC-3135.jpg, 80, 218, 3, 6, 216, 69
plateBR/LLK-5758.jpg, 397, 816, 49, 49, 743, 346
plateBR/KOP-5041.JPG, 411, 1000, 194, 71, 795, 329
plateBR/KXJ-4446.jpg, 234, 497, 7, 17, 454, 187
plateBR/OKH-3718.jpg, 102, 500, 185, 37, 372, 99
plateBR/HBH-4961.jpg, 409, 924, 37, 20, 747, 361
plateBR/LLH-9044.jpg, 500, 1000, 577, 470, 1323, 751
plateBR/LRO-5022.JPG, 472, 1000, 168, 205, 1833, 883
plateBR/LOY-9267 (2).jpg, 513, 838, 209, 348, 600, 493
plateBR/IUM-8920.jpg, 404, 1000, 54, 66, 1019, 495
plateBR/LBD-2319.jpg, 240, 640, 119, 85, 381, 153
plateBR/KXC-6224.jpg, 313, 697, 42, 19, 657, 241
plateBR/KYB-4463.JPG, 459, 862, 158, 26, 753, 398
plateBR/PVK-5726.jpg, 388, 1000, 131, 25, 1293, 635
plateBR/PFG-7997 (2).jpg, 600, 800, 328, 218, 656, 442
plateBR/PGB-1322.jpg, 600, 800, 218, 317, 626, 445
plateBR/KQR-6349.JPG, 389, 1000, 271, 81, 770, 320
plateBR/PGL-5475.jpg, 67, 207, 65, 19, 160, 59
plateBR/KXN-6658.jpg, 455, 919, 68, 48, 751, 378
plateBR/KWL-2879.jpg, 184, 415, 5, 19, 362, 160
plateBR/FGK-2555 (2).jpg, 402, 1000, 709, 148, 1188, 348
plateBR/LSN-6884.jpg, 236, 516, 18, 8, 464, 213
plateBR/KKK-2098.jpg, 87, 201, 85, 35, 159, 66
plateBR/LOW-9104.jpg, 359, 999, 523, 438, 1209, 752
plateBR/EZG-3164.jpg, 600, 800, 432, 344, 700, 507
plateBR/LQN-5090.jpg, 316, 759, 34, 15, 722, 296
plateBR/KXZ-7710.jpg, 811, 1000, 292, 575, 849, 669
plateBR/KXQ-4386.JPG, 628, 1000, 415, 159, 782, 590
plateBR/KWY-7812 (2).jpg, 371, 816, 113, 20, 743, 341
plateBR/LMA-7792.jpg, 312, 999, 119, 12, 1002, 391
plateBR/KYU-3725.jpg, 554, 1000, 491, 532, 1059, 774
plateBR/LRT-3410 (2).jpg, 368, 1000, 79, 46, 933, 426
plateBR/PJY-8769.jpg, 80, 231, 5, 4, 229, 75
plateBR/NYU-4229.jpg, 80, 236, 1, 1, 235, 78
plateBR/LRT-3410.jpg, 396, 1000, 71, 72, 945, 431
plateBR/LPA-7932.jpg, 468, 1000, 517, 296, 1065, 527
plateBR/LCS-8217.jpg, 240, 640, 169, 93, 426, 172
plateBR/LQT-2029.jpg, 527, 1000, 606, 165, 935, 382
plateBR/FQZ-8438.jpg, 101, 344, 122, 35, 245, 77
plateBR/LLP-5785.jpg, 385, 968, 4, 75, 747, 343
plateBR/PFU-6000 (2).jpg, 600, 800, 299, 360, 586, 461
plateBR/KFY-8162 (2).jpg, 145, 341, 40, 21, 284, 116
plateBR/KOZ-6106.jpg, 342, 764, 74, 55, 716, 307
plateBR/KWP-8505.JPG, 267, 661, 109, 42, 474, 211
plateBR/JRH-6050.jpg, 80, 244, 3, 4, 242, 76
plateBR/LOG-6703.JPG, 458, 640, 114, 26, 546, 339
plateBR/LMI-2138 (2).JPG, 495, 1000, 291, 109, 921, 544
plateBR/LCM-6104.jpg, 303, 715, 18, 14, 685, 264
plateBR/LOJ-4414 (2).jpg, 297, 684, 89, 50, 587, 253
plateBR/HIO-2357.jpg, 435, 970, 36, 28, 733, 377
plateBR/PEU-0991 (2).jpg, 600, 800, 330, 345, 613, 529
plateBR/PDK-9448 (3).jpg, 600, 800, 382, 361, 708, 509
plateBR/KRQ-6965.jpg, 428, 957, 139, 59, 740, 381
plateBR/OYV-6433 (2).jpg, 600, 800, 328, 432, 632, 568
plateBR/LRP-2869.JPG, 144, 517, 107, 5, 397, 141
plateBR/PXK-0480.jpg, 600, 800, 250, 354, 564, 469
plateBR/PDF-3945 (3).jpg, 600, 800, 263, 353, 636, 504
plateBR/KYB-4463 (2).JPG, 519, 1000, 226, 102, 1277, 781
plateBR/PGN-3837.jpg, 197, 314, 38, 69, 248, 137
plateBR/KFY-8162 (4).jpg, 116, 232, 33, 22, 195, 80
plateBR/KWU-6938.jpg, 589, 1000, 749, 518, 1836, 1072
plateBR/KPS-7301.JPG, 365, 1000, 563, 79, 1555, 680
plateBR/AYA-8892.JPG, 372, 999, 241, 77, 745, 323
plateBR/LNZ-2380 (2).JPG, 432, 1000, 298, 356, 686, 508
plateBR/PJW-1920.jpg, 80, 228, 2, 2, 228, 76
plateBR/LLL-7563.jpg, 701, 673, 44, 517, 383, 576
plateBR/KRK-8036.jpg, 336, 784, 14, 20, 747, 308
plateBR/KXA-3787.jpg, 478, 1000, 388, 122, 1577, 1003
plateBR/KXK-5970 (2).jpg, 483, 783, 139, 274, 615, 459
plateBR/KXO-6639.jpg, 368, 920, 318, 123, 706, 328
plateBR/KXX-2663.jpg, 374, 863, 117, 29, 695, 254
plateBR/LLA-3764.jpg, 420, 625, 103, 115, 494, 322
plateBR/LLP-7911.jpg, 339, 691, 8, 47, 673, 295
plateBR/KXN-4504.jpg, 593, 1000, 333, 321, 661, 453
plateBR/KYN-8190.JPG, 329, 1000, 836, 159, 1335, 381
plateBR/PWH-3242.jpg, 80, 235, 6, 3, 228, 75
plateBR/PGU-3896.jpg, 101, 296, 102, 30, 178, 73
plateBR/LAK-8614.jpg, 240, 640, 199, 120, 452, 181
plateBR/KUR-9132 (2).jpg, 469, 1000, 82, 54, 782, 372
plateBR/GYZ-2633.jpg, 132, 519, 173, 23, 341, 91
plateBR/LLH-3367.jpg, 502, 1000, 238, 478, 762, 712
plateBR/KMV-8068.jpg, 240, 640, 56, 73, 329, 149
plateBR/LQO-9222.jpg, 346, 1000, 166, 103, 1278, 485
plateBR/LLA-4612.JPG, 387, 1000, 367, 80, 964, 400
plateBR/KOC-1299.jpg, 240, 640, 208, 70, 460, 152
plateBR/LSI-7257.jpg, 273, 711, 141, 4, 529, 194
plateBR/KQE-1438.jpg, 488, 1000, 212, 70, 676, 348
plateBR/LLH-3367 (2).jpg, 592, 1000, 683, 130, 1070, 355
plateBR/LVD-4828 (2).jpg, 404, 639, 35, 51, 569, 306
plateBR/LQC-4608 (2).jpg, 247, 293, 13, 100, 274, 237
plateBR/PWX-5246.jpg, 80, 226, 5, 5, 224, 75
plateBR/LSD-6879.jpg, 559, 1000, 863, 260, 1299, 494
plateBR/GSM-1113.jpg, 401, 1000, 115, 53, 885, 395
plateBR/PUV-5365 (3).jpg, 600, 800, 278, 264, 569, 380
plateBR/OHF-5245 (3).jpg, 219, 490, 104, 56, 371, 174
plateBR/PXJ-8271.jpg, 600, 800, 247, 236, 549, 352
plateBR/PVK-3268 (6).jpg, 600, 800, 272, 236, 511, 357
plateBR/LQQ-5578.jpg, 446, 1000, 453, 410, 1078, 650
plateBR/LQI-4690.jpg, 432, 999, 356, 288, 834, 485
plateBR/LLN-1330.jpg, 480, 1000, 477, 594, 1308, 891
plateBR/MHM-0058.jpg, 175, 230, 5, 57, 226, 141
plateBR/LRR-8571.jpg, 508, 1000, 63, 93, 766, 432
plateBR/KOA-5974.jpg, 305, 342, 25, 125, 276, 249
plateBR/OUR-3360.jpg, 80, 250, 2, 6, 247, 75
plateBR/OXI-8882 (7).jpg, 600, 800, 345, 369, 575, 488
plateBR/QIR-3500.jpg, 567, 1000, 874, 185, 1329, 413
plateBR/PEU-0991.jpg, 600, 800, 260, 448, 615, 561
plateBR/LRG-9688.JPG, 310, 1000, 480, 183, 939, 358
plateBR/BBW-9500.jpg, 377, 1000, 284, 234, 833, 496
plateBR/LRK-7301 (4).jpg, 388, 741, 28, 121, 662, 367
plateBR/KXW-1734 (2).jpg, 387, 1000, 113, 23, 935, 458
plateBR/AZI-2702.jpg, 435, 1000, 53, 40, 938, 468
plateBR/KWN-7486.jpg, 180, 457, 65, 21, 414, 162
plateBR/LIN-2148.jpg, 240, 640, 64, 88, 321, 156
plateBR/LNU-2885.jpg, 240, 640, 203, 75, 440, 150
plateBR/KQY-8705.jpg, 444, 1000, 481, 565, 1146, 838
plateBR/PEP-5623.jpg, 80, 241, 8, 6, 240, 76
plateBR/LAG-5887.jpg, 240, 640, 283, 85, 535, 142
plateBR/PEW-5244.jpg, 271, 474, 107, 72, 386, 178
plateBR/LLT-6177.jpg, 399, 730, 12, 44, 680, 335
plateBR/PCP-6336 (2).jpg, 600, 800, 227, 332, 639, 466
plateBR/KTS-1316.jpg, 240, 640, 122, 69, 345, 119
plateBR/BAJ-4441.jpg, 600, 800, 146, 349, 667, 547
plateBR/KPH-3808.jpg, 460, 908, 46, 128, 735, 399
plateBR/LUD-2911.jpg, 257, 767, 45, 7, 668, 232
plateBR/FND-4580.jpg, 250, 651, 62, 17, 600, 212
plateBR/PCZ-4081.jpg, 600, 800, 326, 361, 552, 438
plateBR/LOF-3405.jpg, 240, 640, 184, 52, 432, 122
plateBR/LKE-2994.jpg, 434, 1000, 117, 44, 843, 411
plateBR/PDW-3116.jpg, 250, 655, 187, 62, 480, 191
plateBR/OKZ-0270.jpg, 80, 227, 1, 4, 226, 77
plateBR/OKU-7083 (3).jpg, 252, 562, 82, 73, 401, 195
plateBR/HVS-6237.jpg, 147, 615, 208, 17, 427, 92
plateBR/LLT-8634.jpg, 523, 1000, 655, 492, 1049, 701
plateBR/PDL-7248.jpg, 136, 259, 51, 28, 183, 83
plateBR/KMV-8012.JPG, 236, 779, 222, 60, 626, 208
plateBR/CSE-9780.jpg, 240, 640, 185, 70, 426, 123
plateBR/JGL-4912.jpg, 71, 174, 42, 20, 119, 57
plateBR/KYD-2504.jpg, 413, 1000, 119, 43, 1364, 599
plateBR/KXA-6414.jpg, 326, 802, 257, 160, 511, 270
plateBR/LUU-1310.jpg, 635, 1000, 162, 192, 960, 463
plateBR/LQK-6420.jpg, 498, 1000, 579, 526, 1345, 859
plateBR/KVR-8358.jpg, 375, 717, 344, 210, 590, 328
plateBR/KRJ-3113.jpg, 240, 640, 80, 75, 377, 154
plateBR/LRI-3927 (3).jpg, 240, 552, 17, 9, 528, 220
plateBR/KXS-5158.JPG, 346, 999, 131, 11, 820, 352
plateBR/OWO-7837 (4).jpg, 600, 800, 317, 332, 554, 426
plateBR/LLD-4311.jpg, 451, 1000, 105, 51, 883, 484
plateBR/PXK-0457 (6).jpg, 600, 800, 173, 337, 502, 480
plateBR/PEY-1867 (2).jpg, 169, 388, 61, 39, 312, 133
plateBR/OKB-9125.jpg, 199, 327, 86, 30, 200, 81
plateBR/PEF-3085.jpg, 175, 298, 47, 48, 223, 117
plateBR/FJY-9514 (2).jpg, 600, 800, 284, 311, 560, 421
plateBR/EZG-3164 (2).jpg, 600, 800, 148, 233, 713, 458
plateBR/LUB-5745.jpg, 362, 1000, 553, 290, 985, 456
plateBR/KYR-7214.jpg, 750, 1000, 345, 972, 2095, 1556
plateBR/KOE-0313.jpg, 240, 640, 149, 81, 414, 154
plateBR/OXI-8882 (4).jpg, 600, 800, 281, 299, 557, 393
plateBR/PVZ-5826 (2).jpg, 600, 800, 374, 293, 619, 392
plateBR/LSZ-5824.jpg, 544, 1000, 286, 533, 814, 791
plateBR/KHI-7177.jpg, 80, 213, 6, 0, 207, 75
plateBR/AZX-0232.JPG, 220, 733, 156, 13, 617, 207
plateBR/HNK-7624.jpg, 563, 1000, 876, 682, 1472, 874
plateBR/LUV-4111 (2).jpg, 373, 1000, 599, 253, 1218, 539
plateBR/KXC-7428.JPG, 111, 238, 15, 16, 228, 90
plateBR/KQY-8697.jpg, 484, 553, 101, 296, 465, 426
plateBR/KGF-9075.jpg, 185, 444, 107, 46, 393, 154
plateBR/LRA-6108.JPG, 346, 999, 188, 48, 1008, 401
plateBR/LRO-5002.JPG, 351, 1000, 487, 100, 1276, 553
plateBR/PEY-1867.jpg, 200, 425, 77, 41, 325, 135
plateBR/KXO-6639 (2).jpg, 346, 902, 299, 87, 685, 276
plateBR/LKX-8631.jpg, 404, 1000, 105, 46, 751, 289
plateBR/LQL-8097.jpg, 500, 1000, 183, 262, 782, 671
plateBR/KZL-3902.jpg, 441, 1000, 443, 52, 826, 256
plateBR/OYL-5013.jpg, 80, 232, 5, 1, 225, 76
plateBR/LNZ-4292.jpg, 240, 640, 274, 81, 542, 144
plateBR/LRR-8662.jpg, 355, 1000, 126, 45, 951, 425
plateBR/PDO-5221.jpg, 113, 304, 43, 31, 224, 98
plateBR/KPX-2327.jpg, 375, 868, 82, 30, 724, 321
plateBR/OLW-4577.JPG, 122, 372, 89, 21, 287, 105
plateBR/KQR-5958.jpg, 425, 1000, 521, 449, 1269, 799
plateBR/PVK-3268 (3).jpg, 600, 800, 271, 326, 519, 455
plateBR/LTN-4852 (2).jpg, 257, 556, 50, 25, 546, 211
plateBR/NLY-8350.jpg, 454, 999, 58, 46, 909, 433
plateBR/LUP-2975.jpg, 251, 386, 173, 121, 368, 222
plateBR/KXO-7789.jpg, 697, 1000, 65, 927, 949, 1212
plateBR/KQS-1613.jpg, 364, 1000, 249, 97, 1404, 548
plateBR/KFY-8162 (3).jpg, 112, 229, 28, 17, 207, 74
plateBR/OXI-8882 (3).jpg, 600, 800, 257, 277, 493, 359
plateBR/LQN-3894.jpg, 395, 1000, 109, 34, 799, 360
plateBR/LSN-0460.jpg, 578, 1000, 223, 113, 966, 413
plateBR/LLW-1768.jpg, 389, 844, 368, 109, 668, 239
plateBR/LOA-1784.jpg, 240, 640, 214, 68, 475, 123
plateBR/LKY-7241.jpg, 470, 1000, 115, 120, 900, 495
plateBR/KIT-6604.jpg, 80, 228, 11, 8, 225, 75
plateBR/LOE-2022.jpg, 240, 640, 146, 114, 397, 202
plateBR/PUV-5373 (6).jpg, 600, 800, 250, 313, 488, 409
plateBR/KWT-7517.jpg, 393, 833, 187, 206, 519, 327
plateBR/LNA-2793.JPG, 137, 226, 44, 16, 190, 121
plateBR/PCW-0712.jpg, 600, 800, 151, 162, 733, 407
plateBR/JOZ-1008.jpg, 80, 232, 10, 6, 227, 72
plateBR/LLN-3695.jpg, 249, 622, 10, 11, 616, 224
plateBR/KXF-1868.jpg, 453, 999, 973, 504, 1777, 839
plateBR/OUK-0118.jpg, 80, 231, 4, 7, 230, 77
plateBR/KZD-2666.jpg, 425, 840, 55, 52, 659, 303
plateBR/LRM-6867 (3).jpg, 392, 803, 61, 40, 717, 324
plateBR/PJZ-0243.jpg, 80, 218, 1, 3, 216, 78
plateBR/KXX-8352.JPG, 425, 1000, 185, 104, 872, 455
plateBR/LMI-2138.JPG, 443, 1000, 123, 82, 1061, 517
plateBR/KMG-6611.jpg, 356, 892, 52, 26, 738, 290
plateBR/LVD-7668.jpg, 539, 899, 211, 298, 713, 470
plateBR/KYZ-3557.jpg, 431, 1000, 102, 62, 756, 346
plateBR/KQJ-9765.jpg, 504, 443, 35, 247, 414, 470
plateBR/KPB-4806 (2).jpg, 602, 1000, 387, 389, 768, 556
plateBR/NNS-2051.jpg, 136, 244, 43, 61, 122, 115
plateBR/KOO-0310.jpg, 240, 640, 194, 81, 465, 143
plateBR/LRH-8025.jpg, 398, 1000, 92, 69, 1162, 552
plateBR/OXI-8882 (6).jpg, 600, 800, 289, 382, 618, 501
plateBR/LAI-2749.jpg, 362, 744, 21, 30, 654, 269
plateBR/KXD-3983.jpg, 525, 1000, 294, 559, 875, 780
plateBR/OYS-1645.jpg, 600, 800, 324, 405, 590, 500
plateBR/PGD-4203.jpg, 80, 250, 9, 4, 248, 74
plateBR/LRS-5329 (2).jpg, 573, 1000, 692, 528, 1098, 760
plateBR/LSL-8040.jpg, 413, 1000, 345, 421, 874, 630
plateBR/OWS-8577.jpg, 414, 1000, 113, 61, 1256, 613
plateBR/FQW-3475.jpg, 80, 208, 9, 7, 201, 72
plateBR/FAM-4461.jpg, 247, 499, 21, 6, 434, 184
plateBR/PDK-9448 (2).jpg, 600, 800, 287, 373, 641, 492
plateBR/LCN-7724.jpg, 240, 640, 111, 59, 368, 124
plateBR/LLG-7858.jpg, 446, 1000, 175, 78, 1031, 534
plateBR/KVA-1954.jpg, 523, 938, 55, 99, 715, 439
plateBR/PXJ-8251 (4).jpg, 600, 800, 221, 292, 501, 400
plateBR/KYY-4643 (2).jpg, 280, 697, 70, 22, 587, 209
plateBR/LCF-7320.JPG, 551, 999, 153, 139, 909, 501
plateBR/PXK-0480 (3).jpg, 600, 800, 316, 291, 585, 419
plateBR/AXX-1773.jpg, 247, 587, 80, 30, 472, 197
plateBR/KNB-3483.JPG, 383, 991, 191, 54, 752, 329
plateBR/LKE-9305.JPG, 400, 1000, 425, 43, 1350, 562
plateBR/LNZ--3777.jpg, 240, 640, 153, 56, 437, 133
plateBR/PVK-3268.jpg, 600, 800, 242, 345, 587, 511
plateBR/KXS-3829.JPG, 598, 1000, 319, 286, 1496, 941
plateBR/KVZ-8975.JPG, 309, 695, 97, 7, 585, 294
plateBR/PVZ-5826.jpg, 600, 800, 294, 340, 562, 430
plateBR/MIP-4408.jpg, 266, 592, 68, 40, 509, 206
plateBR/KFW-2444 (2).jpg, 97, 211, 17, 12, 179, 71
plateBR/OYO-6894.jpg, 600, 800, 209, 267, 567, 396
plateBR/OVT-4432.jpg, 357, 1000, 91, 20, 758, 296
plateBR/LMA-7517.jpg, 477, 999, 270, 323, 754, 526
plateBR/EJD-3779.jpg, 251, 663, 249, 120, 459, 202
plateBR/LSV-0458.jpg, 426, 1000, 685, 57, 1235, 351
plateBR/KOE-5451.jpg, 510, 1000, 544, 179, 894, 370
plateBR/KVU-6503.jpg, 379, 1000, 72, 30, 744, 363
plateBR/LIK-3988.jpg, 240, 640, 248, 102, 473, 174
plateBR/LRO-5022 (2).JPG, 344, 1000, 278, 39, 999, 491
plateBR/LNP-7221.jpg, 240, 640, 200, 79, 482, 132
plateBR/KYW-4090.jpg, 227, 654, 44, 23, 542, 210
plateBR/KQE-1438 (2).jpg, 478, 1000, 279, 158, 718, 407
plateBR/LNS-8606.jpg, 440, 1000, 710, 324, 1174, 484
plateBR/LNZ-2380 (3).jpg, 331, 1000, 328, 159, 772, 358
plateBR/OUX-4256.jpg, 75, 250, 10, 3, 246, 72
plateBR/NZQ-3394.jpg, 80, 237, 5, 7, 230, 75
plateBR/DHR-0445.jpg, 505, 1000, 654, 592, 1190, 812
plateBR/KXC-5184.jpg, 392, 1000, 100, 40, 1278, 605
plateBR/OBH-6391.jpg, 95, 403, 143, 9, 261, 63
plateBR/KZQ-2553.jpg, 336, 856, 15, 23, 746, 292
plateBR/PXJ-8264 (2).jpg, 600, 800, 271, 324, 545, 420
plateBR/KQO-8505.JPG, 191, 576, 132, 15, 492, 174
plateBR/LQZ-9864.jpg, 387, 1000, 45, 46, 1412, 664
plateBR/LKE-9305 (2).JPG, 438, 1000, 286, 33, 772, 393
plateBR/KNS-6108.jpg, 537, 1000, 553, 616, 1143, 863
plateBR/GVM-5691.jpg, 326, 971, 5, 9, 745, 310
plateBR/PXK-0480 (4).jpg, 600, 800, 244, 287, 584, 419
plateBR/LUU-5715.jpg, 464, 1000, 558, 414, 1352, 720
plateBR/PGB-1924 (3).jpg, 600, 800, 128, 128, 746, 334
plateBR/KLE-8189.jpg, 80, 228, 2, 7, 228, 73
plateBR/PDF-3945 (2).jpg, 600, 800, 270, 335, 623, 474
plateBR/LQE-9534.jpg, 527, 1000, 26, 100, 854, 463
plateBR/LRE-5870.jpg, 592, 1000, 493, 636, 1246, 945
plateBR/OUH-3005.jpg, 80, 207, 9, 4, 203, 72
plateBR/KOD-2880.jpg, 527, 812, 52, 98, 742, 415
plateBR/LUV-4111.jpg, 508, 1000, 373, 449, 895, 840
plateBR/FQF-9941.jpg, 113, 365, 110, 28, 244, 73
plateBR/EEH-8868.jpg, 165, 529, 184, 105, 353, 152
plateBR/KXX-2663 (2).jpg, 411, 885, 96, 55, 744, 370
plateBR/HOK-6996.jpg, 83, 258, 81, 40, 167, 75
plateBR/LAA-4120.jpg, 408, 823, 50, 46, 751, 312
plateBR/HGR-1547.jpg, 613, 766, 5, 337, 579, 551
plateBR/LLX-5122 (3).jpg, 335, 771, 56, 26, 696, 318
plateBR/LKI-6549.jpg, 240, 640, 198, 90, 470, 152
plateBR/KOC-2945.jpg, 175, 502, 12, 11, 487, 160
plateBR/FJY-9514 (5).jpg, 600, 800, 247, 280, 599, 415
plateBR/LOH-8516.jpg, 240, 640, 16, 68, 275, 127
plateBR/PGL-7222.jpg, 80, 221, 7, 3, 221, 76
plateBR/LPW-1917.jpg, 353, 884, 65, 39, 751, 287
plateBR/LSH-4423.jpg, 249, 662, 25, 11, 593, 211
plateBR/LQQ-8927.jpg, 306, 695, 11, 20, 674, 263
plateBR/KVX-3104.jpg, 558, 1000, 966, 919, 1619, 1146
plateBR/KPC-7603.jpg, 240, 640, 129, 25, 401, 89
plateBR/PGW-2155.jpg, 177, 325, 73, 59, 239, 128
plateBR/LLU-9766.jpg, 120, 271, 86, 45, 176, 78
plateBR/KVI-4412.jpg, 260, 668, 51, 36, 646, 241
plateBR/CLJ-7888 (2).JPG, 323, 1000, 893, 311, 1428, 540
plateBR/KXI-4148.JPG, 359, 976, 299, 96, 752, 337
plateBR/KQL-9716.jpg, 288, 1000, 724, 20, 1450, 301
plateBR/HLO-8996.jpg, 441, 1000, 58, 33, 1636, 863
plateBR/PCG-2470 (3).jpg, 114, 235, 9, 17, 216, 85
plateBR/KMT-8293.jpg, 240, 695, 42, 16, 613, 221
plateBR/LSG-2983.jpg, 360, 1000, 679, 205, 1730, 794
plateBR/FRV-0372.JPG, 294, 723, 143, 73, 637, 256
plateBR/PDB-9122.jpg, 88, 219, 38, 29, 168, 75
plateBR/KMZ-3394.jpg, 380, 1000, 79, 13, 785, 369
plateBR/OJB-6914.JPG, 411, 836, 62, 43, 752, 332
plateBR/KQR-3044.jpg, 328, 999, 30, 6, 911, 383
plateBR/PDR-7446.jpg, 80, 237, 2, 4, 232, 77
plateBR/LQJ-1909.jpg, 482, 1000, 471, 234, 1067, 497
plateBR/OYR-2907.jpg, 80, 236, 6, 1, 234, 69
plateBR/KYC-1916.jpg, 477, 1000, 711, 112, 1011, 345
plateBR/PGB-1322 (2).jpg, 600, 800, 278, 340, 585, 447
plateBR/LKX-9731 (2).jpg, 273, 750, 98, 58, 663, 242
plateBR/PGA-9576 (2).jpg, 99, 241, 31, 15, 177, 79
plateBR/JHU-9456.jpg, 300, 457, 8, 50, 453, 248
plateBR/OMF-5160.jpg, 436, 1000, 370, 341, 1484, 800
plateBR/KMI-8078.jpg, 390, 1000, 124, 49, 950, 392
plateBR/APM-7659.jpg, 157, 385, 166, 71, 276, 124
plateBR/PXK-0457 (4).jpg, 600, 800, 210, 335, 553, 452
plateBR/LOW-1338.jpg, 453, 912, 96, 49, 742, 377
plateBR/PXK-0457 (5).jpg, 600, 800, 253, 345, 540, 464
plateBR/CTB-1569.jpg, 240, 640, 258, 74, 510, 146
plateBR/LCF-7320 (2).jpg, 421, 1000, 840, 721, 1619, 1008
plateBR/LCG-3662.jpg, 370, 999, 26, 19, 826, 371
plateBR/LQZ-3090.jpg, 520, 977, 54, 51, 749, 439
plateBR/OZV-8611.jpg, 80, 244, 1, 1, 242, 78
plateBR/GTI-1014.jpg, 346, 783, 42, 11, 747, 324
plateBR/AAY-5127.jpg, 240, 640, 261, 33, 524, 123
plateBR/PGW-2155 (2).jpg, 238, 339, 104, 72, 266, 154
plateBR/KUF-8007.jpg, 376, 1000, 1034, 586, 1886, 888
plateBR/LCQ-8763.jpg, 240, 638, 82, 20, 536, 182
plateBR/EZV-8086.jpg, 269, 733, 352, 75, 569, 181
